{
	"credit": "Made with Blockbench",
	"parent": "create:item/deforester/item",
	"texture_size": [64, 64],
	"textures": {
		"0": "chromatics:items/radiant_chainsaw",
		"particle": "chromatics:items/radiant_chainsaw"
	},
	"elements": [
		{
			"name": "blade",
			"from": [4.5, 7.5, -8],
			"to": [11.5, 8.5, 6],
			"rotation": {"angle": 0, "axis": "y", "origin": [8, 8, 8]},
			"faces": {
				"north": {"uv": [3.5, 7.5, 5.25, 7.75], "texture": "#0"},
				"east": {"uv": [0, 7.5, 3.5, 7.75], "texture": "#0"},
				"south": {"uv": [8.75, 7.5, 10.5, 7.75], "texture": "#0"},
				"west": {"uv": [5.25, 7.5, 8.75, 7.75], "texture": "#0"},
				"up": {"uv": [5.25, 7.5, 3.5, 4], "texture": "#0"},
				"down": {"uv": [7, 4, 5.25, 7.5], "texture": "#0"}
			}
		}
	],
	"display": {
		"thirdperson_righthand": {
			"rotation": [70, 0, 0],
			"translation": [-6, 4, -0.5]
		},
		"thirdperson_lefthand": {
			"rotation": [70, 0, 0],
			"translation": [-6, 4, -0.5]
		},
		"firstperson_righthand": {
			"rotation": [27, 10, 14]
		},
		"firstperson_lefthand": {
			"rotation": [27, 10, 14]
		},
		"ground": {
			"rotation": [50, 29, 0],
			"translation": [0, 5.5, 0]
		},
		"gui": {
			"rotation": [39, -39, -7],
			"scale": [0.8, 0.8, 0.8]
		},
		"head": {
			"rotation": [-45, 45, 45],
			"translation": [16.75, 10.75, 9.25]
		},
		"fixed": {
			"rotation": [-90, 90, 0],
			"translation": [3.25, 0, 0],
			"scale": [0.7, 0.7, 0.7]
		}
	}
}