{
	"credit": "Made with Blockbench",
	"parent": "create:item/deforester/item",
	"texture_size": [64, 64],
	"textures": {
		"1": "stripped_crimson_stem",
		"particle": "chromatics:items/radiant_chainsaw"
	},
	"elements": [
		{
			"name": "Cog",
			"from": [7.5, 5.5, 2.5],
			"to": [8.5, 10.5, 6.5],
			"rotation": {"angle": -45, "axis": "y", "origin": [8, 9, 4.5]},
			"faces": {
				"north": {"uv": [4, 6, 5, 7], "texture": "#1"},
				"east": {"uv": [4, 6, 8, 7], "texture": "#1"},
				"south": {"uv": [4, 6, 5, 7], "texture": "#1"},
				"west": {"uv": [4, 6, 8, 7], "texture": "#1"},
				"up": {"uv": [4, 6, 5, 10], "texture": "#1"},
				"down": {"uv": [4, 6, 5, 10], "texture": "#1"}
			}
		},
		{
			"name": "Cog",
			"from": [7.5, 5.5, 2.5],
			"to": [8.5, 10.5, 6.5],
			"rotation": {"angle": 0, "axis": "y", "origin": [8, 9, 4.5]},
			"faces": {
				"north": {"uv": [5, 6, 6, 7], "rotation": 180, "texture": "#1"},
				"east": {"uv": [5, 6, 9, 7], "rotation": 180, "texture": "#1"},
				"south": {"uv": [5, 6, 6, 7], "rotation": 180, "texture": "#1"},
				"west": {"uv": [5, 6, 9, 7], "rotation": 180, "texture": "#1"},
				"up": {"uv": [5, 6, 6, 10], "rotation": 180, "texture": "#1"},
				"down": {"uv": [5, 6, 6, 10], "rotation": 180, "texture": "#1"}
			}
		},
		{
			"name": "Cog",
			"from": [7.5, 5.5, 2.5],
			"to": [8.5, 10.5, 6.5],
			"rotation": {"angle": 45, "axis": "y", "origin": [8, 9, 4.5]},
			"faces": {
				"north": {"uv": [5, 6, 6, 7], "rotation": 180, "texture": "#1"},
				"east": {"uv": [5, 6, 9, 7], "rotation": 180, "texture": "#1"},
				"south": {"uv": [5, 6, 6, 7], "rotation": 180, "texture": "#1"},
				"west": {"uv": [5, 6, 9, 7], "rotation": 180, "texture": "#1"},
				"up": {"uv": [5, 6, 6, 10], "rotation": 180, "texture": "#1"},
				"down": {"uv": [5, 6, 6, 10], "rotation": 180, "texture": "#1"}
			}
		},
		{
			"name": "Cog",
			"from": [6, 5.5, 4],
			"to": [10, 10.5, 5],
			"rotation": {"angle": 0, "axis": "y", "origin": [8, 9, 4.5]},
			"faces": {
				"north": {"uv": [4, 6, 5, 10], "rotation": 90, "texture": "#1"},
				"east": {"uv": [4, 6, 5, 7], "rotation": 90, "texture": "#1"},
				"south": {"uv": [4, 6, 5, 10], "rotation": 90, "texture": "#1"},
				"west": {"uv": [4, 6, 5, 7], "rotation": 90, "texture": "#1"},
				"up": {"uv": [4, 6, 5, 10], "rotation": 90, "texture": "#1"},
				"down": {"uv": [4, 6, 5, 10], "rotation": 90, "texture": "#1"}
			}
		}
	],
	"display": {
		"thirdperson_righthand": {
			"rotation": [70, 0, 0],
			"translation": [-6, 4, -0.5]
		},
		"thirdperson_lefthand": {
			"rotation": [70, 0, 0],
			"translation": [-6, 4, -0.5]
		},
		"firstperson_righthand": {
			"rotation": [27, 10, 14]
		},
		"firstperson_lefthand": {
			"rotation": [27, 10, 14]
		},
		"ground": {
			"rotation": [50, 29, 0],
			"translation": [0, 5.5, 0]
		},
		"gui": {
			"rotation": [39, -39, -7],
			"scale": [0.8, 0.8, 0.8]
		},
		"head": {
			"rotation": [-45, 45, 45],
			"translation": [16.75, 10.75, 9.25]
		},
		"fixed": {
			"rotation": [-90, 90, 0],
			"translation": [3.25, 0, 0],
			"scale": [0.7, 0.7, 0.7]
		}
	},
	"groups": [
		{
			"name": "gear",
			"origin": [8, 8, 8],
			"color": 0,
			"children": [0, 1, 2, 3]
		}
	]
}