{
	"credit": "Made with Blockbench",
	"parent": "create:item/deforester/item",
	"texture_size": [64, 64],
	"textures": {
		"0": "chromatics:items/radiant_chainsaw",
		"particle": "chromatics:items/radiant_chainsaw"
	},
	"elements": [
		{
			"from": [5.5, 6.5, -7],
			"to": [10.5, 9.5, 5],
			"rotation": {"angle": 0, "axis": "y", "origin": [8, 8, 8]},
			"faces": {
				"north": {"uv": [10.5, 7.75, 11.75, 8.5], "texture": "#0"},
				"east": {"uv": [7.5, 7.75, 10.5, 8.5], "texture": "#0"},
				"south": {"uv": [14.75, 7.75, 16, 8.5], "texture": "#0"},
				"west": {"uv": [11.75, 7.75, 14.75, 8.5], "texture": "#0"},
				"up": {"uv": [11.75, 7.75, 10.5, 4.75], "texture": "#0"},
				"down": {"uv": [13, 4.75, 11.75, 7.75], "texture": "#0"}
			}
		},
		{
			"from": [5, 5, 14],
			"to": [11, 11, 15],
			"rotation": {"angle": 0, "axis": "y", "origin": [8, 8, 8]},
			"faces": {
				"north": {"uv": [0.25, 0.25, 1.75, 1.75], "texture": "#0"},
				"east": {"uv": [0, 0.25, 0.25, 1.75], "texture": "#0"},
				"south": {"uv": [2, 0.25, 3.5, 1.75], "texture": "#0"},
				"west": {"uv": [1.75, 0.25, 2, 1.75], "texture": "#0"},
				"up": {"uv": [1.75, 0.25, 0.25, 0], "texture": "#0"},
				"down": {"uv": [3.25, 0, 1.75, 0.25], "texture": "#0"}
			}
		},
		{
			"from": [7, 9, 15],
			"to": [9, 10, 20],
			"rotation": {"angle": 0, "axis": "y", "origin": [8, 8, 8]},
			"faces": {
				"north": {"uv": [1.25, 5.25, 1.75, 5.5], "texture": "#0"},
				"east": {"uv": [0, 5.25, 1.25, 5.5], "texture": "#0"},
				"south": {"uv": [3, 5.25, 3.5, 5.5], "texture": "#0"},
				"west": {"uv": [1.75, 5.25, 3, 5.5], "texture": "#0"},
				"up": {"uv": [1.75, 5.25, 1.25, 4], "texture": "#0"},
				"down": {"uv": [2.25, 4, 1.75, 5.25], "texture": "#0"}
			}
		},
		{
			"from": [3, 7, 7],
			"to": [4, 14, 9],
			"rotation": {"angle": 0, "axis": "y", "origin": [8, 8, 8]},
			"faces": {
				"north": {"uv": [9, 5.25, 9.25, 7], "texture": "#0"},
				"east": {"uv": [8.5, 5.25, 9, 7], "texture": "#0"},
				"south": {"uv": [9.75, 5.25, 10, 7], "texture": "#0"},
				"west": {"uv": [9.25, 5.25, 9.75, 7], "texture": "#0"},
				"up": {"uv": [9.25, 5.25, 9, 4.75], "texture": "#0"},
				"down": {"uv": [9.5, 4.75, 9.25, 5.25], "texture": "#0"}
			}
		},
		{
			"from": [12, 7, 7],
			"to": [13, 14, 9],
			"rotation": {"angle": 0, "axis": "y", "origin": [8, 8, 8]},
			"faces": {
				"north": {"uv": [7.5, 5.25, 7.75, 7], "texture": "#0"},
				"east": {"uv": [7, 5.25, 7.5, 7], "texture": "#0"},
				"south": {"uv": [8.25, 5.25, 8.5, 7], "texture": "#0"},
				"west": {"uv": [7.75, 5.25, 8.25, 7], "texture": "#0"},
				"up": {"uv": [7.75, 5.25, 7.5, 4.75], "texture": "#0"},
				"down": {"uv": [8, 4.75, 7.75, 5.25], "texture": "#0"}
			}
		},
		{
			"from": [4, 7, 7],
			"to": [12, 8, 9],
			"rotation": {"angle": 0, "axis": "y", "origin": [8, 8, 8]},
			"faces": {
				"north": {"uv": [0.5, 10.5, 2.5, 10.75], "texture": "#0"},
				"east": {"uv": [0, 10.5, 0.5, 10.75], "texture": "#0"},
				"south": {"uv": [3, 10.5, 5, 10.75], "texture": "#0"},
				"west": {"uv": [2.5, 10.5, 3, 10.75], "texture": "#0"},
				"up": {"uv": [2.5, 10.5, 0.5, 10], "texture": "#0"},
				"down": {"uv": [4.5, 10, 2.5, 10.5], "texture": "#0"}
			}
		},
		{
			"from": [4, 13, 7],
			"to": [12, 14, 9],
			"rotation": {"angle": 0, "axis": "y", "origin": [8, 8, 8]},
			"faces": {
				"north": {"uv": [7.5, 4.5, 9.5, 4.75], "texture": "#0"},
				"east": {"uv": [7, 4.5, 7.5, 4.75], "texture": "#0"},
				"south": {"uv": [10, 4.5, 12, 4.75], "texture": "#0"},
				"west": {"uv": [9.5, 4.5, 10, 4.75], "texture": "#0"},
				"up": {"uv": [9.5, 4.5, 7.5, 4], "texture": "#0"},
				"down": {"uv": [11.5, 4, 9.5, 4.5], "texture": "#0"}
			}
		},
		{
			"from": [7, 7, 19],
			"to": [9, 9, 20],
			"rotation": {"angle": 0, "axis": "y", "origin": [8, 8, 8]},
			"faces": {
				"north": {"uv": [0.25, 5.75, 0.75, 6.25], "texture": "#0"},
				"east": {"uv": [0, 5.75, 0.25, 6.25], "texture": "#0"},
				"south": {"uv": [1, 5.75, 1.5, 6.25], "texture": "#0"},
				"west": {"uv": [0.75, 5.75, 1, 6.25], "texture": "#0"},
				"up": {"uv": [0.75, 5.75, 0.25, 5.5], "texture": "#0"},
				"down": {"uv": [1.25, 5.5, 0.75, 5.75], "texture": "#0"}
			}
		},
		{
			"from": [7, 6, 15],
			"to": [9, 7, 20],
			"rotation": {"angle": 0, "axis": "y", "origin": [8, 8, 8]},
			"faces": {
				"north": {"uv": [1.25, 3, 1.75, 3.25], "texture": "#0"},
				"east": {"uv": [0, 3, 1.25, 3.25], "texture": "#0"},
				"south": {"uv": [3, 3, 3.5, 3.25], "texture": "#0"},
				"west": {"uv": [1.75, 3, 3, 3.25], "texture": "#0"},
				"up": {"uv": [1.75, 3, 1.25, 1.75], "texture": "#0"},
				"down": {"uv": [2.25, 1.75, 1.75, 3], "texture": "#0"}
			}
		},
		{
			"from": [3, 5, 5],
			"to": [13, 11, 6],
			"rotation": {"angle": 0, "axis": "y", "origin": [8, 8, 8]},
			"faces": {
				"north": {"uv": [9.25, 8.75, 11.75, 10.25], "texture": "#0"},
				"east": {"uv": [9, 8.75, 9.25, 10.25], "texture": "#0"},
				"south": {"uv": [12, 8.75, 14.5, 10.25], "texture": "#0"},
				"west": {"uv": [11.75, 8.75, 12, 10.25], "texture": "#0"},
				"up": {"uv": [11.75, 8.75, 9.25, 8.5], "texture": "#0"},
				"down": {"uv": [14.25, 8.5, 11.75, 8.75], "texture": "#0"}
			}
		},
		{
			"from": [5, 10, 6],
			"to": [11, 11, 14],
			"rotation": {"angle": 0, "axis": "y", "origin": [8, 8, 8]},
			"faces": {
				"north": {"uv": [2, 9.75, 3.5, 10], "texture": "#0"},
				"east": {"uv": [0, 9.75, 2, 10], "texture": "#0"},
				"south": {"uv": [5.5, 9.75, 7, 10], "texture": "#0"},
				"west": {"uv": [3.5, 9.75, 5.5, 10], "texture": "#0"},
				"up": {"uv": [3.5, 9.75, 2, 7.75], "texture": "#0"},
				"down": {"uv": [5, 7.75, 3.5, 9.75], "texture": "#0"}
			}
		}
	],
	"display": {
		"thirdperson_righthand": {
			"rotation": [70, 0, 0],
			"translation": [-6, 4, -0.5]
		},
		"thirdperson_lefthand": {
			"rotation": [70, 0, 0],
			"translation": [-6, 4, -0.5]
		},
		"firstperson_righthand": {
			"rotation": [27, 10, 14]
		},
		"firstperson_lefthand": {
			"rotation": [27, 10, 14]
		},
		"ground": {
			"rotation": [50, 29, 0],
			"translation": [0, 5.5, 0]
		},
		"gui": {
			"rotation": [39, -39, -7],
			"scale": [0.8, 0.8, 0.8]
		},
		"head": {
			"rotation": [-45, 45, 45],
			"translation": [16.75, 10.75, 9.25]
		},
		"fixed": {
			"rotation": [-90, 90, 0],
			"translation": [3.25, 0, 0],
			"scale": [0.7, 0.7, 0.7]
		}
	},
	"groups": [
		{
			"name": "item",
			"origin": [8, 8, 8],
			"color": 0,
			"children": [0, 1, 2, 3, 4, 5, 6, 7, 8, 9, 10]
		}
	]
}