{
	"credit": "Made with Blockbench",
	"parent": "create:item/deforester/item",
	"texture_size": [64, 64],
	"textures": {
		"0": "chromatics:items/radiant_chainsaw",
		"particle": "chromatics:items/radiant_chainsaw"
	},
	"elements": [
		{
			"name": "tank",
			"from": [5, 5, 6],
			"to": [11, 10, 14],
			"rotation": {"angle": 0, "axis": "y", "origin": [8, 8, 8]},
			"faces": {
				"north": {"uv": [9.5, 2, 11, 3.25], "texture": "#0"},
				"east": {"uv": [7.5, 2, 9.5, 3.25], "texture": "#0"},
				"south": {"uv": [13, 2, 14.5, 3.25], "texture": "#0"},
				"west": {"uv": [11, 2, 13, 3.25], "texture": "#0"},
				"up": {"uv": [11, 2, 9.5, 0], "texture": "#0"},
				"down": {"uv": [12.5, 0, 11, 2], "texture": "#0"}
			}
		}
	],
	"display": {
		"thirdperson_righthand": {
			"rotation": [70, 0, 0],
			"translation": [-6, 4, -0.5]
		},
		"thirdperson_lefthand": {
			"rotation": [70, 0, 0],
			"translation": [-6, 4, -0.5]
		},
		"firstperson_righthand": {
			"rotation": [27, 10, 14]
		},
		"firstperson_lefthand": {
			"rotation": [27, 10, 14]
		},
		"ground": {
			"rotation": [50, 29, 0],
			"translation": [0, 5.5, 0]
		},
		"gui": {
			"rotation": [39, -39, -7],
			"scale": [0.8, 0.8, 0.8]
		},
		"head": {
			"rotation": [-45, 45, 45],
			"translation": [16.75, 10.75, 9.25]
		},
		"fixed": {
			"rotation": [-90, 90, 0],
			"translation": [3.25, 0, 0],
			"scale": [0.7, 0.7, 0.7]
		}
	}
}