{
	"credit": "Made with Blockbench",
	"parent": "create:item/deforester/item",
	"texture_size": [64, 64],
	"textures": {
		"1": "block/texture",
		"particle": "block/texture"
	},
	"elements": [
		{
			"from": [4.5, 4.5, -4],
			"to": [11.5, 11.5, -3],
			"shade": false,
			"rotation": {"angle": 0, "axis": "z", "origin": [8, 8, 8]},
			"faces": {
				"north": {"uv": [2.25, 13.25, 0.5, 15], "rotation": 180, "texture": "#1"},
				"east": {"uv": [2.5, 13.25, 2.25, 15], "rotation": 180, "texture": "#1"},
				"south": {"uv": [4.25, 13.25, 2.5, 15], "rotation": 180, "texture": "#1"},
				"west": {"uv": [0.5, 13.25, 0.25, 15], "rotation": 180, "texture": "#1"},
				"up": {"uv": [0.5, 13.25, 2.25, 13], "rotation": 180, "texture": "#1"},
				"down": {"uv": [2.25, 13, 4, 13.25], "rotation": 180, "texture": "#1"}
			}
		},
		{
			"from": [4.5, 4.5, -2],
			"to": [11.5, 11.5, 0],
			"shade": false,
			"rotation": {"angle": 0, "axis": "z", "origin": [8, 8, 8]},
			"faces": {
				"north": {"uv": [2.75, 13.75, 1, 15.5], "rotation": 180, "texture": "#1"},
				"east": {"uv": [3.25, 13.75, 2.75, 15.5], "rotation": 180, "texture": "#1"},
				"south": {"uv": [5, 13.75, 3.25, 15.5], "rotation": 180, "texture": "#1"},
				"west": {"uv": [1, 13.75, 0.5, 15.5], "rotation": 180, "texture": "#1"},
				"up": {"uv": [1, 13.75, 2.75, 13.25], "rotation": 180, "texture": "#1"},
				"down": {"uv": [2.75, 13.25, 4.5, 13.75], "rotation": 180, "texture": "#1"}
			}
		},
		{
			"from": [5, 5, -5],
			"to": [11, 11, -4],
			"shade": false,
			"rotation": {"angle": 0, "axis": "z", "origin": [8, 8, 8]},
			"faces": {
				"north": {"uv": [2, 13.25, 0.5, 14.75], "rotation": 180, "texture": "#1"},
				"east": {"uv": [2.25, 13.25, 2, 14.75], "rotation": 180, "texture": "#1"},
				"south": {"uv": [3.75, 13.25, 2.25, 14.75], "rotation": 180, "texture": "#1"},
				"west": {"uv": [0.5, 13.25, 0.25, 14.75], "rotation": 180, "texture": "#1"},
				"up": {"uv": [0.5, 13.25, 2, 13], "rotation": 180, "texture": "#1"},
				"down": {"uv": [2, 13, 3.5, 13.25], "rotation": 180, "texture": "#1"}
			}
		},
		{
			"from": [5, 5, -3],
			"to": [11, 11, -2],
			"shade": false,
			"rotation": {"angle": 0, "axis": "z", "origin": [8, 8, 8]},
			"faces": {
				"north": {"uv": [2, 13.25, 0.5, 14.75], "rotation": 180, "texture": "#1"},
				"east": {"uv": [2.25, 13.25, 2, 14.75], "rotation": 180, "texture": "#1"},
				"south": {"uv": [3.75, 13.25, 2.25, 14.75], "rotation": 180, "texture": "#1"},
				"west": {"uv": [0.5, 13.25, 0.25, 14.75], "rotation": 180, "texture": "#1"},
				"up": {"uv": [0.5, 13.25, 2, 13], "rotation": 180, "texture": "#1"},
				"down": {"uv": [2, 13, 3.5, 13.25], "rotation": 180, "texture": "#1"}
			}
		},
		{
			"from": [6, 6, -7],
			"to": [10, 10, -6],
			"shade": false,
			"rotation": {"angle": 0, "axis": "z", "origin": [8, 8, 8]},
			"faces": {
				"north": {"uv": [1.5, 13.25, 0.5, 14.25], "rotation": 180, "texture": "#1"},
				"east": {"uv": [1.75, 13.25, 1.5, 14.25], "rotation": 180, "texture": "#1"},
				"south": {"uv": [2.75, 13.25, 1.75, 14.25], "rotation": 180, "texture": "#1"},
				"west": {"uv": [0.5, 13.25, 0.25, 14.25], "rotation": 180, "texture": "#1"},
				"up": {"uv": [0.5, 13.25, 1.5, 13], "rotation": 180, "texture": "#1"},
				"down": {"uv": [1.5, 13, 2.5, 13.25], "rotation": 180, "texture": "#1"}
			}
		},
		{
			"from": [7, 7, -9],
			"to": [9, 9, -8],
			"shade": false,
			"rotation": {"angle": 0, "axis": "z", "origin": [8, 8, 8]},
			"faces": {
				"north": {"uv": [1, 13.25, 0.5, 13.75], "rotation": 180, "texture": "#1"},
				"east": {"uv": [1.25, 13.25, 1, 13.75], "rotation": 180, "texture": "#1"},
				"south": {"uv": [1.75, 13.25, 1.25, 13.75], "rotation": 180, "texture": "#1"},
				"west": {"uv": [0.5, 13.25, 0.25, 13.75], "rotation": 180, "texture": "#1"},
				"up": {"uv": [0.5, 13.25, 1, 13], "rotation": 180, "texture": "#1"},
				"down": {"uv": [1, 13, 1.5, 13.25], "rotation": 180, "texture": "#1"}
			}
		},
		{
			"from": [5.5, 5.5, -6],
			"to": [10.5, 10.5, -5],
			"shade": false,
			"rotation": {"angle": 0, "axis": "z", "origin": [8, 8, 8]},
			"faces": {
				"north": {"uv": [1.75, 13.25, 0.5, 14.5], "rotation": 180, "texture": "#1"},
				"east": {"uv": [2, 13.25, 1.75, 14.5], "rotation": 180, "texture": "#1"},
				"south": {"uv": [3.25, 13.25, 2, 14.5], "rotation": 180, "texture": "#1"},
				"west": {"uv": [0.5, 13.25, 0.25, 14.5], "rotation": 180, "texture": "#1"},
				"up": {"uv": [0.5, 13.25, 1.75, 13], "rotation": 180, "texture": "#1"},
				"down": {"uv": [1.75, 13, 3, 13.25], "rotation": 180, "texture": "#1"}
			}
		},
		{
			"from": [6.5, 6.5, -8],
			"to": [9.5, 9.5, -7],
			"shade": false,
			"rotation": {"angle": 0, "axis": "z", "origin": [8, 8, 8]},
			"faces": {
				"north": {"uv": [1.25, 13.25, 0.5, 14], "rotation": 180, "texture": "#1"},
				"east": {"uv": [1.5, 13.25, 1.25, 14], "rotation": 180, "texture": "#1"},
				"south": {"uv": [2.25, 13.25, 1.5, 14], "rotation": 180, "texture": "#1"},
				"west": {"uv": [0.5, 13.25, 0.25, 14], "rotation": 180, "texture": "#1"},
				"up": {"uv": [0.5, 13.25, 1.25, 13], "rotation": 180, "texture": "#1"},
				"down": {"uv": [1.25, 13, 2, 13.25], "rotation": 180, "texture": "#1"}
			}
		},
		{
			"from": [7.5, 7.5, -10],
			"to": [8.5, 8.5, -9],
			"shade": false,
			"rotation": {"angle": 0, "axis": "z", "origin": [8, 8, 8]},
			"faces": {
				"north": {"uv": [0.75, 13.25, 0.5, 13.5], "rotation": 180, "texture": "#1"},
				"east": {"uv": [1, 13.25, 0.75, 13.5], "rotation": 180, "texture": "#1"},
				"south": {"uv": [1.25, 13.25, 1, 13.5], "rotation": 180, "texture": "#1"},
				"west": {"uv": [0.5, 13.25, 0.25, 13.5], "rotation": 180, "texture": "#1"},
				"up": {"uv": [0.5, 13.25, 0.75, 13], "rotation": 180, "texture": "#1"},
				"down": {"uv": [0.75, 13, 1, 13.25], "rotation": 180, "texture": "#1"}
			}
		}
	],
	"display": {
		"thirdperson_righthand": {
			"rotation": [70, 0, 0],
			"translation": [-6, 4, -0.5]
		},
		"thirdperson_lefthand": {
			"rotation": [70, 0, 0],
			"translation": [-6, 4, -0.5]
		},
		"firstperson_righthand": {
			"rotation": [27, 10, 14]
		},
		"firstperson_lefthand": {
			"rotation": [27, 10, 14]
		},
		"ground": {
			"rotation": [50, 29, 0],
			"translation": [0, 5.5, 0]
		},
		"gui": {
			"rotation": [39, -39, -7],
			"scale": [0.8, 0.8, 0.8]
		},
		"head": {
			"rotation": [-45, 45, 45],
			"translation": [16.75, 10.75, 9.25]
		},
		"fixed": {
			"rotation": [-90, 90, 0],
			"translation": [3.25, 0, 0],
			"scale": [0.7, 0.7, 0.7]
		}
	},
	"groups": [
		{
			"name": "drill_glow",
			"origin": [0, 0, 0],
			"color": 3,
			"children": [0, 1, 2, 3, 4, 5, 6, 7, 8]
		}
	]
}