{
	"credit": "Made with Blockbench",
	"parent": "create:item/deforester/item",
	"texture_size": [64, 64],
	"textures": {
		"1": "block/texture",
		"particle": "block/texture"
	},
	"elements": [
		{
			"from": [5, 5, -4],
			"to": [11, 11, -3],
			"shade": false,
			"rotation": {"angle": 0, "axis": "z", "origin": [8, 8, 8]},
			"faces": {
				"north": {"uv": [9.5, 12.5, 8, 14], "rotation": 180, "texture": "#1"},
				"east": {"uv": [9.75, 12.5, 9.5, 14], "rotation": 180, "texture": "#1"},
				"south": {"uv": [11.25, 12.5, 9.75, 14], "rotation": 180, "texture": "#1"},
				"west": {"uv": [8, 12.5, 7.75, 14], "rotation": 180, "texture": "#1"},
				"up": {"uv": [8, 12.5, 9.5, 12.25], "rotation": 180, "texture": "#1"},
				"down": {"uv": [9.5, 12.25, 11, 12.5], "rotation": 180, "texture": "#1"}
			}
		},
		{
			"from": [5, 5, -2],
			"to": [11, 11, 0],
			"shade": false,
			"rotation": {"angle": 0, "axis": "z", "origin": [8, 8, 8]},
			"faces": {
				"north": {"uv": [10, 13, 8.5, 14.5], "rotation": 180, "texture": "#1"},
				"east": {"uv": [10.5, 13, 10, 14.5], "rotation": 180, "texture": "#1"},
				"south": {"uv": [12, 13, 10.5, 14.5], "rotation": 180, "texture": "#1"},
				"west": {"uv": [8.5, 13, 8, 14.5], "rotation": 180, "texture": "#1"},
				"up": {"uv": [8.5, 13, 10, 12.5], "rotation": 180, "texture": "#1"},
				"down": {"uv": [10, 12.5, 11.5, 13], "rotation": 180, "texture": "#1"}
			}
		},
		{
			"from": [5.5, 5.5, -5],
			"to": [10.5, 10.5, -4],
			"shade": false,
			"rotation": {"angle": 0, "axis": "z", "origin": [8, 8, 8]},
			"faces": {
				"north": {"uv": [9.25, 12.5, 8, 13.75], "rotation": 180, "texture": "#1"},
				"east": {"uv": [9.5, 12.5, 9.25, 13.75], "rotation": 180, "texture": "#1"},
				"south": {"uv": [10.75, 12.5, 9.5, 13.75], "rotation": 180, "texture": "#1"},
				"west": {"uv": [8, 12.5, 7.75, 13.75], "rotation": 180, "texture": "#1"},
				"up": {"uv": [8, 12.5, 9.25, 12.25], "rotation": 180, "texture": "#1"},
				"down": {"uv": [9.25, 12.25, 10.5, 12.5], "rotation": 180, "texture": "#1"}
			}
		},
		{
			"from": [5.5, 5.5, -3],
			"to": [10.5, 10.5, -2],
			"shade": false,
			"rotation": {"angle": 0, "axis": "z", "origin": [8, 8, 8]},
			"faces": {
				"north": {"uv": [9.25, 12.5, 8, 13.75], "rotation": 180, "texture": "#1"},
				"east": {"uv": [9.5, 12.5, 9.25, 13.75], "rotation": 180, "texture": "#1"},
				"south": {"uv": [10.75, 12.5, 9.5, 13.75], "rotation": 180, "texture": "#1"},
				"west": {"uv": [8, 12.5, 7.75, 13.75], "rotation": 180, "texture": "#1"},
				"up": {"uv": [8, 12.5, 9.25, 12.25], "rotation": 180, "texture": "#1"},
				"down": {"uv": [9.25, 12.25, 10.5, 12.5], "rotation": 180, "texture": "#1"}
			}
		},
		{
			"from": [6.5, 6.5, -7],
			"to": [9.5, 9.5, -6],
			"shade": false,
			"rotation": {"angle": 0, "axis": "z", "origin": [8, 8, 8]},
			"faces": {
				"north": {"uv": [8.75, 12.5, 8, 13.25], "rotation": 180, "texture": "#1"},
				"east": {"uv": [9, 12.5, 8.75, 13.25], "rotation": 180, "texture": "#1"},
				"south": {"uv": [9.75, 12.5, 9, 13.25], "rotation": 180, "texture": "#1"},
				"west": {"uv": [8, 12.5, 7.75, 13.25], "rotation": 180, "texture": "#1"},
				"up": {"uv": [8, 12.5, 8.75, 12.25], "rotation": 180, "texture": "#1"},
				"down": {"uv": [8.75, 12.25, 9.5, 12.5], "rotation": 180, "texture": "#1"}
			}
		},
		{
			"from": [7.5, 7.5, -9],
			"to": [8.5, 8.5, -8],
			"shade": false,
			"rotation": {"angle": 0, "axis": "z", "origin": [8, 8, 8]},
			"faces": {
				"north": {"uv": [8.25, 12.5, 8, 12.75], "rotation": 180, "texture": "#1"},
				"east": {"uv": [8.5, 12.5, 8.25, 12.75], "rotation": 180, "texture": "#1"},
				"south": {"uv": [8.75, 12.5, 8.5, 12.75], "rotation": 180, "texture": "#1"},
				"west": {"uv": [8, 12.5, 7.75, 12.75], "rotation": 180, "texture": "#1"},
				"up": {"uv": [8, 12.5, 8.25, 12.25], "rotation": 180, "texture": "#1"},
				"down": {"uv": [8.25, 12.25, 8.5, 12.5], "rotation": 180, "texture": "#1"}
			}
		},
		{
			"from": [6, 6, -6],
			"to": [10, 10, -5],
			"shade": false,
			"rotation": {"angle": 0, "axis": "z", "origin": [8, 8, 8]},
			"faces": {
				"north": {"uv": [9, 12.5, 8, 13.5], "rotation": 180, "texture": "#1"},
				"east": {"uv": [9.25, 12.5, 9, 13.5], "rotation": 180, "texture": "#1"},
				"south": {"uv": [10.25, 12.5, 9.25, 13.5], "rotation": 180, "texture": "#1"},
				"west": {"uv": [8, 12.5, 7.75, 13.5], "rotation": 180, "texture": "#1"},
				"up": {"uv": [8, 12.5, 9, 12.25], "rotation": 180, "texture": "#1"},
				"down": {"uv": [9, 12.25, 10, 12.5], "rotation": 180, "texture": "#1"}
			}
		},
		{
			"from": [7, 7, -8],
			"to": [9, 9, -7],
			"shade": false,
			"rotation": {"angle": 0, "axis": "z", "origin": [8, 8, 8]},
			"faces": {
				"north": {"uv": [8.5, 12.5, 8, 13], "rotation": 180, "texture": "#1"},
				"east": {"uv": [8.75, 12.5, 8.5, 13], "rotation": 180, "texture": "#1"},
				"south": {"uv": [9.25, 12.5, 8.75, 13], "rotation": 180, "texture": "#1"},
				"west": {"uv": [8, 12.5, 7.75, 13], "rotation": 180, "texture": "#1"},
				"up": {"uv": [8, 12.5, 8.5, 12.25], "rotation": 180, "texture": "#1"},
				"down": {"uv": [8.5, 12.25, 9, 12.5], "rotation": 180, "texture": "#1"}
			}
		}
	],
	"display": {
		"thirdperson_righthand": {
			"rotation": [70, 0, 0],
			"translation": [-6, 4, -0.5]
		},
		"thirdperson_lefthand": {
			"rotation": [70, 0, 0],
			"translation": [-6, 4, -0.5]
		},
		"firstperson_righthand": {
			"rotation": [27, 10, 14]
		},
		"firstperson_lefthand": {
			"rotation": [27, 10, 14]
		},
		"ground": {
			"rotation": [50, 29, 0],
			"translation": [0, 5.5, 0]
		},
		"gui": {
			"rotation": [39, -39, -7],
			"scale": [0.8, 0.8, 0.8]
		},
		"head": {
			"rotation": [-45, 45, 45],
			"translation": [16.75, 10.75, 9.25]
		},
		"fixed": {
			"rotation": [-90, 90, 0],
			"translation": [3.25, 0, 0],
			"scale": [0.7, 0.7, 0.7]
		}
	},
	"groups": [
		{
			"name": "drill",
			"origin": [0, 0, 0],
			"color": 3,
			"children": [0, 1, 2, 3, 4, 5, 6, 7]
		}
	]
}