{
	"credit": "Made with Blockbench",
	"parent": "create:item/deforester/item",
	"texture_size": [64, 64],
	"textures": {
		"1": "block/texture",
		"particle": "block/texture"
	},
	"elements": [
		{
			"from": [6.5, 3, -1.5],
			"to": [9.5, 13, 0.5],
			"rotation": {"angle": 0, "axis": "z", "origin": [8, 8, 8]},
			"faces": {
				"north": {"uv": [13.5, 3.5, 12.75, 6], "rotation": 180, "texture": "#1"},
				"east": {"uv": [14, 3.5, 13.5, 6], "rotation": 180, "texture": "#1"},
				"south": {"uv": [14.75, 3.5, 14, 6], "rotation": 180, "texture": "#1"},
				"west": {"uv": [12.75, 3.5, 12.25, 6], "rotation": 180, "texture": "#1"},
				"up": {"uv": [12.75, 3.5, 13.5, 3], "rotation": 180, "texture": "#1"},
				"down": {"uv": [13.5, 3, 14.25, 3.5], "rotation": 180, "texture": "#1"}
			}
		},
		{
			"from": [3, 6.5, -1.5],
			"to": [13, 9.5, 0.5],
			"rotation": {"angle": 0, "axis": "z", "origin": [8, 8, 8]},
			"faces": {
				"north": {"uv": [13.5, 3.5, 12.75, 6], "rotation": 270, "texture": "#1"},
				"east": {"uv": [13.5, 3, 14.25, 3.5], "rotation": 90, "texture": "#1"},
				"south": {"uv": [14.75, 3.5, 14, 6], "rotation": 90, "texture": "#1"},
				"west": {"uv": [12.75, 3.5, 13.5, 3], "rotation": 90, "texture": "#1"},
				"up": {"uv": [14, 3.5, 13.5, 6], "rotation": 90, "texture": "#1"},
				"down": {"uv": [12.75, 3.5, 12.25, 6], "rotation": 90, "texture": "#1"}
			}
		}
	],
	"display": {
		"thirdperson_righthand": {
			"rotation": [70, 0, 0],
			"translation": [-6, 4, -0.5]
		},
		"thirdperson_lefthand": {
			"rotation": [70, 0, 0],
			"translation": [-6, 4, -0.5]
		},
		"firstperson_righthand": {
			"rotation": [27, 10, 14]
		},
		"firstperson_lefthand": {
			"rotation": [27, 10, 14]
		},
		"ground": {
			"rotation": [50, 29, 0],
			"translation": [0, 5.5, 0]
		},
		"gui": {
			"rotation": [39, -39, -7],
			"scale": [0.8, 0.8, 0.8]
		},
		"head": {
			"rotation": [-45, 45, 45],
			"translation": [16.75, 10.75, 9.25]
		},
		"fixed": {
			"rotation": [-90, 90, 0],
			"translation": [3.25, 0, 0],
			"scale": [0.7, 0.7, 0.7]
		}
	},
	"groups": [
		{
			"name": "drill_base",
			"origin": [8, 8, 8],
			"color": 2,
			"children": [0, 1]
		}
	]
}