{
	"credit": "Made with Blockbench",
	"parent": "create:item/deforester/item",
	"texture_size": [64, 64],
	"textures": {
		"1": "block/texture",
		"particle": "block/texture"
	},
	"elements": [
		{
			"from": [6.5, 2, 1.5],
			"to": [9.5, 14, 4.5],
			"rotation": {"angle": 45, "axis": "z", "origin": [8, 8, 8]},
			"faces": {
				"north": {"uv": [6.75, 7, 7.5, 10], "texture": "#1"},
				"east": {"uv": [6, 7, 6.75, 10], "texture": "#1"},
				"south": {"uv": [8.25, 7, 9, 10], "texture": "#1"},
				"west": {"uv": [7.5, 7, 8.25, 10], "texture": "#1"},
				"up": {"uv": [7.5, 7, 6.75, 6.25], "texture": "#1"},
				"down": {"uv": [8.25, 6.25, 7.5, 7], "texture": "#1"}
			}
		},
		{
			"from": [6.5, 2, 1.5],
			"to": [9.5, 14, 4.5],
			"rotation": {"angle": 0, "axis": "z", "origin": [8, 8, 8]},
			"faces": {
				"north": {"uv": [7.5, 7, 6.75, 10], "rotation": 90, "texture": "#1"},
				"east": {"uv": [8.25, 7, 7.5, 10], "rotation": 270, "texture": "#1"},
				"south": {"uv": [9, 7, 8.25, 10], "rotation": 270, "texture": "#1"},
				"west": {"uv": [6.75, 7, 6, 10], "rotation": 270, "texture": "#1"},
				"up": {"uv": [6.75, 7, 7.5, 6.25], "rotation": 270, "texture": "#1"},
				"down": {"uv": [7.5, 6.25, 8.25, 7], "rotation": 270, "texture": "#1"}
			}
		},
		{
			"from": [2, 6.5, 1.5],
			"to": [14, 9.5, 4.5],
			"rotation": {"angle": 0, "axis": "z", "origin": [8, 8, 8]},
			"faces": {
				"north": {"uv": [7.5, 7, 6.75, 10], "rotation": 180, "texture": "#1"},
				"east": {"uv": [7.5, 6.25, 8.25, 7], "rotation": 180, "texture": "#1"},
				"south": {"uv": [9, 7, 8.25, 10], "rotation": 180, "texture": "#1"},
				"west": {"uv": [6.75, 7, 7.5, 6.25], "rotation": 180, "texture": "#1"},
				"up": {"uv": [8.25, 7, 7.5, 10], "rotation": 180, "texture": "#1"},
				"down": {"uv": [6.75, 7, 6, 10], "rotation": 180, "texture": "#1"}
			}
		},
		{
			"from": [2, 6.5, 1.5],
			"to": [14, 9.5, 4.5],
			"rotation": {"angle": 45, "axis": "z", "origin": [8, 8, 8]},
			"faces": {
				"north": {"uv": [6.75, 7, 7.5, 10], "rotation": 90, "texture": "#1"},
				"east": {"uv": [8.25, 6.25, 7.5, 7], "rotation": 270, "texture": "#1"},
				"south": {"uv": [8.25, 7, 9, 10], "rotation": 270, "texture": "#1"},
				"west": {"uv": [7.5, 7, 6.75, 6.25], "rotation": 270, "texture": "#1"},
				"up": {"uv": [6, 7, 6.75, 10], "rotation": 270, "texture": "#1"},
				"down": {"uv": [7.5, 7, 8.25, 10], "rotation": 270, "texture": "#1"}
			}
		}
	],
	"display": {
		"thirdperson_righthand": {
			"rotation": [70, 0, 0],
			"translation": [-6, 4, -0.5]
		},
		"thirdperson_lefthand": {
			"rotation": [70, 0, 0],
			"translation": [-6, 4, -0.5]
		},
		"firstperson_righthand": {
			"rotation": [27, 10, 14]
		},
		"firstperson_lefthand": {
			"rotation": [27, 10, 14]
		},
		"ground": {
			"rotation": [50, 29, 0],
			"translation": [0, 5.5, 0]
		},
		"gui": {
			"rotation": [39, -39, -7],
			"scale": [0.8, 0.8, 0.8]
		},
		"head": {
			"rotation": [-45, 45, 45],
			"translation": [16.75, 10.75, 9.25]
		},
		"fixed": {
			"rotation": [-90, 90, 0],
			"translation": [3.25, 0, 0],
			"scale": [0.7, 0.7, 0.7]
		}
	},
	"groups": [
		{
			"name": "gear",
			"origin": [0, 0, 0],
			"color": 6,
			"children": [0, 1, 2, 3]
		}
	]
}