{
	"credit": "Made with Blockbench",
	"parent": "create:item/deforester/item",
	"texture_size": [64, 64],
	"textures": {
		"1": "block/texture",
		"particle": "block/texture"
	},
	"elements": [
		{
			"from": [5, 11, 1],
			"to": [11, 12, 7],
			"faces": {
				"north": {"uv": [1.5, 7.5, 3, 7.75], "texture": "#1"},
				"east": {"uv": [0, 7.5, 1.5, 7.75], "texture": "#1"},
				"south": {"uv": [4.5, 7.5, 6, 7.75], "texture": "#1"},
				"west": {"uv": [3, 7.5, 4.5, 7.75], "texture": "#1"},
				"up": {"uv": [3, 7.5, 1.5, 6], "texture": "#1"},
				"down": {"uv": [4.5, 6, 3, 7.5], "texture": "#1"}
			}
		},
		{
			"from": [5, 4, 1],
			"to": [11, 5, 7],
			"faces": {
				"north": {"uv": [1.5, 7.5, 3, 7.75], "texture": "#1"},
				"east": {"uv": [0, 7.5, 1.5, 7.75], "texture": "#1"},
				"south": {"uv": [4.5, 7.5, 6, 7.75], "texture": "#1"},
				"west": {"uv": [3, 7.5, 4.5, 7.75], "texture": "#1"},
				"up": {"uv": [3, 7.5, 1.5, 6], "texture": "#1"},
				"down": {"uv": [4.5, 6, 3, 7.5], "texture": "#1"}
			}
		},
		{
			"from": [4, 10, 7],
			"to": [12, 11, 14],
			"faces": {
				"north": {"uv": [7, 6, 9, 6.25], "texture": "#1"},
				"east": {"uv": [5.25, 6, 7, 6.25], "texture": "#1"},
				"south": {"uv": [10.75, 6, 12.75, 6.25], "texture": "#1"},
				"west": {"uv": [9, 6, 10.75, 6.25], "texture": "#1"},
				"up": {"uv": [9, 6, 7, 4.25], "texture": "#1"},
				"down": {"uv": [11, 4.25, 9, 6], "texture": "#1"}
			}
		},
		{
			"from": [3, 7, 14],
			"to": [4, 9, 21],
			"rotation": {"angle": 0, "axis": "x", "origin": [8, 8, 8]},
			"faces": {
				"north": {"uv": [4.5, 10, 4.75, 10.5], "texture": "#1"},
				"east": {"uv": [2.75, 10, 4.5, 10.5], "texture": "#1"},
				"south": {"uv": [6.5, 10, 6.75, 10.5], "texture": "#1"},
				"west": {"uv": [4.75, 10, 6.5, 10.5], "texture": "#1"},
				"up": {"uv": [4.75, 10, 4.5, 8.25], "texture": "#1"},
				"down": {"uv": [5, 8.25, 4.75, 10], "texture": "#1"}
			}
		},
		{
			"from": [4, 7, 20],
			"to": [12, 9, 21],
			"rotation": {"angle": 0, "axis": "x", "origin": [8, 8, 8]},
			"faces": {
				"north": {"uv": [7, 10.25, 9, 10.75], "texture": "#1"},
				"east": {"uv": [6.75, 10.25, 7, 10.75], "texture": "#1"},
				"south": {"uv": [9.25, 10.25, 11.25, 10.75], "texture": "#1"},
				"west": {"uv": [9, 10.25, 9.25, 10.75], "texture": "#1"},
				"up": {"uv": [9, 10.25, 7, 10], "texture": "#1"},
				"down": {"uv": [11, 10, 9, 10.25], "texture": "#1"}
			}
		},
		{
			"from": [12, 7, 14],
			"to": [13, 9, 21],
			"rotation": {"angle": 0, "axis": "x", "origin": [8, 8, 8]},
			"faces": {
				"north": {"uv": [4.5, 10, 4.75, 10.5], "texture": "#1"},
				"east": {"uv": [2.75, 10, 4.5, 10.5], "texture": "#1"},
				"south": {"uv": [6.5, 10, 6.75, 10.5], "texture": "#1"},
				"west": {"uv": [4.75, 10, 6.5, 10.5], "texture": "#1"},
				"up": {"uv": [4.75, 10, 4.5, 8.25], "texture": "#1"},
				"down": {"uv": [5, 8.25, 4.75, 10], "texture": "#1"}
			}
		},
		{
			"from": [12, 8, 5],
			"to": [13, 15, 7],
			"rotation": {"angle": 22.5, "axis": "x", "origin": [8, 9, 6]},
			"faces": {
				"north": {"uv": [4, 11, 4.25, 12.75], "texture": "#1"},
				"east": {"uv": [3.5, 11, 4, 12.75], "texture": "#1"},
				"south": {"uv": [4.75, 11, 5, 12.75], "texture": "#1"},
				"west": {"uv": [4.25, 11, 4.75, 12.75], "texture": "#1"},
				"up": {"uv": [4.25, 11, 4, 10.5], "texture": "#1"},
				"down": {"uv": [4.5, 10.5, 4.25, 11], "texture": "#1"}
			}
		},
		{
			"from": [4, 14, 5],
			"to": [12, 15, 7],
			"rotation": {"angle": 22.5, "axis": "x", "origin": [8, 9, 6]},
			"faces": {
				"north": {"uv": [6.25, 0.5, 8.25, 0.75], "texture": "#1"},
				"east": {"uv": [5.75, 0.5, 6.25, 0.75], "texture": "#1"},
				"south": {"uv": [8.75, 0.5, 10.75, 0.75], "texture": "#1"},
				"west": {"uv": [8.25, 0.5, 8.75, 0.75], "texture": "#1"},
				"up": {"uv": [8.25, 0.5, 6.25, 0], "texture": "#1"},
				"down": {"uv": [10.25, 0, 8.25, 0.5], "texture": "#1"}
			}
		},
		{
			"from": [3, 8, 5],
			"to": [4, 15, 7],
			"rotation": {"angle": 22.5, "axis": "x", "origin": [8, 9, 6]},
			"faces": {
				"north": {"uv": [4, 11, 4.25, 12.75], "texture": "#1"},
				"east": {"uv": [3.5, 11, 4, 12.75], "texture": "#1"},
				"south": {"uv": [4.75, 11, 5, 12.75], "texture": "#1"},
				"west": {"uv": [4.25, 11, 4.75, 12.75], "texture": "#1"},
				"up": {"uv": [4.25, 11, 4, 10.5], "texture": "#1"},
				"down": {"uv": [4.5, 10.5, 4.25, 11], "texture": "#1"}
			}
		},
		{
			"from": [4, 4, 0],
			"to": [12, 12, 1],
			"faces": {
				"north": {"uv": [0.25, 8, 2.25, 10], "texture": "#1"},
				"east": {"uv": [0, 8, 0.25, 10], "texture": "#1"},
				"south": {"uv": [2.5, 8, 4.5, 10], "texture": "#1"},
				"west": {"uv": [2.25, 8, 2.5, 10], "texture": "#1"},
				"up": {"uv": [2.25, 8, 0.25, 7.75], "texture": "#1"},
				"down": {"uv": [4.25, 7.75, 2.25, 8], "texture": "#1"}
			}
		},
		{
			"from": [4, 5, 1],
			"to": [12, 11, 7],
			"faces": {
				"north": {"uv": [1.5, 4.5, 3.5, 6], "texture": "#1"},
				"east": {"uv": [0, 4.5, 1.5, 6], "texture": "#1"},
				"south": {"uv": [5, 4.5, 7, 6], "texture": "#1"},
				"west": {"uv": [3.5, 4.5, 5, 6], "texture": "#1"},
				"up": {"uv": [3.5, 4.5, 1.5, 3], "texture": "#1"},
				"down": {"uv": [5.5, 3, 3.5, 4.5], "texture": "#1"}
			}
		},
		{
			"from": [4, 5, 14],
			"to": [12, 11, 15],
			"faces": {
				"north": {"uv": [9.25, 6.5, 11.25, 8], "texture": "#1"},
				"east": {"uv": [9, 6.5, 9.25, 8], "texture": "#1"},
				"south": {"uv": [11.5, 6.5, 13.5, 8], "texture": "#1"},
				"west": {"uv": [11.25, 6.5, 11.5, 8], "texture": "#1"},
				"up": {"uv": [11.25, 6.5, 9.25, 6.25], "texture": "#1"},
				"down": {"uv": [13.25, 6.25, 11.25, 6.5], "texture": "#1"}
			}
		}
	],
	"display": {
		"thirdperson_righthand": {
			"rotation": [70, 0, 0],
			"translation": [-6, 4, -0.5]
		},
		"thirdperson_lefthand": {
			"rotation": [70, 0, 0],
			"translation": [-6, 4, -0.5]
		},
		"firstperson_righthand": {
			"rotation": [27, 10, 14]
		},
		"firstperson_lefthand": {
			"rotation": [27, 10, 14]
		},
		"ground": {
			"rotation": [50, 29, 0],
			"translation": [0, 5.5, 0]
		},
		"gui": {
			"rotation": [39, -39, -7],
			"scale": [0.8, 0.8, 0.8]
		},
		"head": {
			"rotation": [-45, 45, 45],
			"translation": [16.75, 10.75, 9.25]
		},
		"fixed": {
			"rotation": [-90, 90, 0],
			"translation": [3.25, 0, 0],
			"scale": [0.7, 0.7, 0.7]
		}
	},
	"groups": [
		{
			"name": "item",
			"origin": [0, 0, 0],
			"color": 4,
			"children": [0, 1, 2, 3, 4, 5,
				{
					"name": "group",
					"origin": [8, 8, 8],
					"color": 4,
					"children": [6, 7, 8]
				}, 9, 10, 11]
		}
	]
}