{
	"credit": "Made with Blockbench",
	"parent": "create:item/deforester/item",
	"texture_size": [64, 64],
	"textures": {
		"1": "block/texture",
		"particle": "block/texture"
	},
	"elements": [
		{
			"name": "radiance",
			"from": [5, 6, 7],
			"to": [11, 10, 14],
			"faces": {
				"north": {"uv": [9.25, 13.75, 10.75, 14.75], "texture": "#1"},
				"east": {"uv": [7.5, 13.75, 9.25, 14.75], "texture": "#1"},
				"south": {"uv": [12.5, 13.75, 14, 14.75], "texture": "#1"},
				"west": {"uv": [10.75, 13.75, 12.5, 14.75], "texture": "#1"},
				"up": {"uv": [10.75, 13.75, 9.25, 12], "texture": "#1"},
				"down": {"uv": [12.25, 12, 10.75, 13.75], "texture": "#1"}
			}
		}
	],
	"display": {
		"thirdperson_righthand": {
			"rotation": [70, 0, 0],
			"translation": [-6, 4, -0.5]
		},
		"thirdperson_lefthand": {
			"rotation": [70, 0, 0],
			"translation": [-6, 4, -0.5]
		},
		"firstperson_righthand": {
			"rotation": [27, 10, 14]
		},
		"firstperson_lefthand": {
			"rotation": [27, 10, 14]
		},
		"ground": {
			"rotation": [50, 29, 0],
			"translation": [0, 5.5, 0]
		},
		"gui": {
			"rotation": [39, -39, -7],
			"scale": [0.8, 0.8, 0.8]
		},
		"head": {
			"rotation": [-45, 45, 45],
			"translation": [16.75, 10.75, 9.25]
		},
		"fixed": {
			"rotation": [-90, 90, 0],
			"translation": [3.25, 0, 0],
			"scale": [0.7, 0.7, 0.7]
		}
	}
}