{
	"credit": "Made with Blockbench",
	"parent": "create:item/deforester/item",
	"texture_size": [64, 64],
	"textures": {
		"1": "block/texture",
		"particle": "block/texture"
	},
	"elements": [
		{
			"name": "tank",
			"from": [4, 5, 7],
			"to": [12, 10, 14],
			"faces": {
				"north": {"uv": [1.75, 1.75, 3.75, 3], "texture": "#1"},
				"east": {"uv": [0, 1.75, 1.75, 3], "texture": "#1"},
				"south": {"uv": [5.5, 1.75, 7.5, 3], "texture": "#1"},
				"west": {"uv": [3.75, 1.75, 5.5, 3], "texture": "#1"},
				"up": {"uv": [3.75, 1.75, 1.75, 0], "texture": "#1"},
				"down": {"uv": [5.75, 0, 3.75, 1.75], "texture": "#1"}
			}
		}
	],
	"display": {
		"thirdperson_righthand": {
			"rotation": [70, 0, 0],
			"translation": [-6, 4, -0.5]
		},
		"thirdperson_lefthand": {
			"rotation": [70, 0, 0],
			"translation": [-6, 4, -0.5]
		},
		"firstperson_righthand": {
			"rotation": [27, 10, 14]
		},
		"firstperson_lefthand": {
			"rotation": [27, 10, 14]
		},
		"ground": {
			"rotation": [50, 29, 0],
			"translation": [0, 5.5, 0]
		},
		"gui": {
			"rotation": [39, -39, -7],
			"scale": [0.8, 0.8, 0.8]
		},
		"head": {
			"rotation": [-45, 45, 45],
			"translation": [16.75, 10.75, 9.25]
		},
		"fixed": {
			"rotation": [-90, 90, 0],
			"translation": [3.25, 0, 0],
			"scale": [0.7, 0.7, 0.7]
		}
	}
}